first_name,last_name,job_title,department,email,address,phone_number,salary,password
Matthew,Griffin,Information systems manager,Retail banker,csullivan@example.net,Figueroafort,885-674-1704x3185,5691,vCJng9xb
Julia,Murray,Dealer,Occupational psychologist,aaronevans@example.org,Port Andrea,555-875-9110,94729,M9ZGsjTa
Amy,Brown,Publishing copy,"Scientist, research (maths)",davidgraham@example.net,New Yolanda,(246)781-5255,52687,XLvHsN9e
Jay,King,Jewellery designer,Hydrologist,michaelmichael@example.com,Port Scott,710-258-8549,97184,sfVIxtx2
Nicole,Andrews,"Conservation officer, nature","Engineer, structural",stephaniebailey@example.com,Danielsmouth,001-445-641-4461,68363,C53gv36K
Daniel,Harmon,Community education officer,Recruitment consultant,roseelizabeth@example.net,Wrightport,7516952604,45532,wBnXEsIX
Kimberly,Norris,Armed forces technical officer,Technical brewer,martinnancy@example.net,Latoyastad,001-911-914-5337,12968,konkoE4A
Kelsey,Weaver,Trade union research officer,Film/video editor,oliveraaron@example.net,Kingtown,001-767-878-4821x59418,6767,gqIwA1kD
Susan,Cook,Chartered loss adjuster,Broadcast journalist,walshhaley@example.com,North Ericburgh,661.333.9825,52640,xDDzCLC3
Steven,Bailey,Firefighter,"Designer, blown glass/stained glass",oallen@example.net,South Kristopher,809.592.6461x599,65866,bzCJRzTS
Amber,Norman,"Geologist, engineering",Ambulance person,johnsoncheryl@example.org,North Richard,+1-701-214-7499x472,8628,dZQvJIvb
Luis,Cummings,Interpreter,Plant breeder/geneticist,kellerangel@example.net,Contrerasburgh,(314)338-9415x385,79260,2Ism231y
Krystal,Robles,Music therapist,Race relations officer,vdavis@example.com,Johnsonmouth,869.804.6268x5587,20841,Tg3Ve3hF
Helen,Short,"Journalist, newspaper","Engineer, land",rachelgentry@example.com,Terryfort,684.253.0061x29098,87296,s3kT2MD0
Aimee,Austin,Rural practice surveyor,Catering manager,alisonbaker@example.org,West Johnathanborough,(360)775-3185,50712,TTKPJbmm
Joe,Silva,Advice worker,"Designer, multimedia",jameswhite@example.org,Shawbury,(720)295-1276,71142,MORizuZp
Phillip,Jenkins,"Scientist, product/process development","Psychologist, clinical",gregorygraves@example.com,East Tracyport,(854)707-7085x0823,54571,KfIpbKGd
Jacqueline,Frey,Forensic psychologist,"Engineer, mining",ranthony@example.org,Hullland,+1-229-770-5124x008,9419,pRwv3Yr0
Monica,Wilkins,"Scientist, audiological",Geochemist,ophillips@example.org,East Julie,(729)381-2142,38123,hi0z3fP7
Tiffany,Giles,Legal secretary,Soil scientist,huffcolton@example.net,Lake Katherine,001-269-959-9778x96477,99615,doI0nLdV
Christopher,Kelly,Ambulance person,Dealer,andreamejia@example.org,West Holly,(503)292-6461x59173,68075,wARO6IBh
Alexis,Guerrero,Chief of Staff,Firefighter,nathanielbrewer@example.org,Danielberg,8682147153,60860,CEBUGaEc
James,Munoz,Stage manager,Water quality scientist,thomaskathleen@example.org,Port Cynthia,8962872539,14641,D6omCBLt
Jennifer,Miller,Merchant navy officer,"Engineer, energy",rburnett@example.com,Hallmouth,9304679121,16459,N4EjZrvA
James,Little,Armed forces technical officer,Osteopath,scottjames@example.com,North Christian,890.684.9073,11437,HdB9G6JM
Andre,Davis,Holiday representative,Sport and exercise psychologist,alvarezarthur@example.org,Moraleston,287-843-2632x886,91405,rZJhJLpY
James,Bailey,Passenger transport manager,Volunteer coordinator,don87@example.com,Dawnport,231.254.4161,51048,j6hTULVg
Denise,Wright,"Nurse, learning disability",Building services engineer,julie07@example.org,West Joshuashire,905-432-9845x3370,85208,5wCniQPK
Christina,Williams,Hospital pharmacist,Chartered loss adjuster,nmoore@example.com,New Natalieborough,+1-977-371-9760,42377,VQ00mufc
Chelsea,Martinez,Science writer,Hydrologist,qallen@example.org,Lake Briannaport,474.967.8708x384,68217,hBPwJ3n6
Daniel,Contreras,Patent examiner,Historic buildings inspector/conservation officer,crystalwilliams@example.org,Clarkfort,(804)626-6604x4531,79606,biHwemld
Christopher,Franklin,"Psychologist, prison and probation services",Personal assistant,chad34@example.com,Alexanderfort,(960)406-1027,1804,LhOWjA6G
Lydia,Clark,Historic buildings inspector/conservation officer,Learning mentor,kduran@example.net,New Daniel,416.839.6682,68943,Y8r4yssQ
Mark,Lopez,Meteorologist,Chief Executive Officer,csmith@example.org,Martinfurt,001-285-349-0234x203,72904,JmEP79a1
Steven,Mejia,Town planner,Soil scientist,carterjames@example.com,New Joshua,001-470-280-7123x954,92513,kx3uOwJ1
Kelsey,Smith,Multimedia programmer,Careers information officer,samantha07@example.org,East Jillian,001-807-490-4846,48925,cdivBcIF
John,Drake,"Scientist, product/process development","Buyer, retail",randypratt@example.net,North Crystalchester,6187066034,56083,E87C6bDg
Crystal,Brewer,Psychiatrist,Air cabin crew,knightdouglas@example.net,Ortegamouth,616-690-7466x6121,91950,xhtmfmyk
Alexander,Johnson,Magazine features editor,Osteopath,joshua03@example.org,Danielston,314-280-4218,6223,shQByWPD
Michael,Stewart,"Conservation officer, historic buildings",Multimedia programmer,derrickarnold@example.com,West Tony,2636642664,92048,F3SxBAoH
Thomas,Robinson,"Engineer, communications",Naval architect,bedwards@example.com,South Lawrence,761-831-2193,39657,QOuuUuCP
Alison,Odonnell,Armed forces technical officer,Visual merchandiser,joshuajones@example.org,Racheltown,001-218-657-4419x1129,57987,q3DiG3vK
Victoria,Ritter,"Therapist, speech and language",Best boy,dwhitney@example.org,East Jennashire,302.882.3997x58187,46315,06RHPemo
Natalie,Garrett,Press photographer,Health and safety adviser,dsmith@example.org,Davidshire,342.642.6638,13725,gGGo3w8C
Jessica,Nichols,"Exhibitions officer, museum/gallery","Conservation officer, historic buildings",sara04@example.net,Lawsonfurt,(339)277-3133x95412,17736,aobMXX5b
Betty,Pierce,Youth worker,Games developer,fishersamuel@example.com,Juliaberg,001-395-575-9960x8913,3380,dnA2fdo0
Angela,Larson,"Exhibitions officer, museum/gallery","Programmer, multimedia",amysmith@example.org,Wendyberg,(583)328-2559,20822,0ss91Mas
Cassidy,Flores,Medical sales representative,Ranger/warden,rebeccasmith@example.net,South Stephanieburgh,+1-795-565-0298x7159,34040,BF4075M7
Barbara,Davis,Musician,Professor Emeritus,pettylauren@example.org,Carneyton,(433)882-3435,2723,ffp30gQl
Tiffany,Brady,Forest/woodland manager,Youth worker,lopezcraig@example.org,Lake Francisco,7625351636,89427,oIMdm02A
April,Obrien,Contractor,Counselling psychologist,aaron12@example.net,South Mark,001-515-323-9520x3358,47576,OgbtIGVs
Michael,Davis,Accounting technician,"Designer, graphic",andreafrye@example.com,Lake Lisaside,360-961-2677x051,7377,1ykrJAxD
Natalie,Vaughn,"Engineer, structural",Records manager,brian87@example.com,New Saraberg,+1-602-765-8182x23086,22151,uPHtnUq4
Jennifer,Harris,Horticultural therapist,Camera operator,kimwilliam@example.net,Christopherfort,7829205657,10508,NTm973cG
Christopher,Gibson,"Psychologist, clinical",Museum/gallery conservator,glee@example.net,Traceyport,(823)613-9720x771,52011,HULaXjIP
Kathryn,Campbell,Learning disability nurse,"Accountant, chartered certified",billy75@example.org,New Jennifer,001-745-730-2692x359,13735,ZmT15sca
Janet,Gilmore,Research scientist (maths),"Optician, dispensing",jacquelinedavis@example.com,Tuckerstad,+1-970-464-2955x13573,71084,tNFgzqxw
Danielle,Salazar,Personal assistant,"Engineer, petroleum",shawlori@example.org,North Alicia,(432)266-5285,13933,ZvIPXm6t
Amy,Cook,"Teacher, English as a foreign language","Engineer, drilling",michaeldecker@example.org,North James,682.292.9198x2574,54672,RCaWMPwR
Alexander,Allen,"Journalist, newspaper","Doctor, hospital",jameswilliams@example.org,Jasonton,001-372-288-2608x2457,86016,1nYfAU56
Michael,Bradley,Adult guidance worker,Sports therapist,markkeith@example.com,West Kristenside,+1-547-663-0219x8289,60683,DHgG55dv
Scott,Jones,Insurance account manager,International aid/development worker,ifuller@example.com,North Sandraberg,+1-337-597-1537x2821,8924,oTtHqjLZ
Brian,Gonzalez,Restaurant manager,Research scientist (maths),jwillis@example.com,Lake Lindastad,001-361-791-5782x79258,58485,Z3kacVAm
Carol,Hall,Public house manager,Clinical molecular geneticist,kayla70@example.net,Ambershire,001-750-319-1675x6205,84157,cJSC0fmG
David,Gomez,Adult nurse,Travel agency manager,stephanie74@example.net,Ericburgh,744-867-9043,6330,tIc63MdO
John,Gill,Audiological scientist,Estate manager/land agent,hamiltonjonathan@example.net,East Anthonyhaven,(305)912-3007x73864,60552,IEp3IAEe
Lindsay,Johnson,"Designer, multimedia",Technical brewer,donaldthompson@example.com,South Penny,+1-735-975-3412x8956,11311,7p5vELAf
Margaret,Guzman,Government social research officer,Sports administrator,fwheeler@example.com,North Leslie,624.526.5774x3042,52840,eY3BA85F
Frances,Lopez,Waste management officer,Farm manager,bradley60@example.net,Williamsbury,001-904-524-4600x10458,61161,QrN1kmZ5
John,Cohen,Tax adviser,"Engineer, agricultural",erica93@example.org,Jaredstad,+1-807-922-5099x7181,79113,t2sFVW9i
Geoffrey,Estrada,Optometrist,Systems developer,lewisronald@example.com,New Tanner,5288746196,47954,65648Zsj
Sandra,Richardson,Police officer,Oncologist,mackenzie44@example.org,Clarkfurt,(345)418-6990,76761,TiZROSFE
Frank,Simmons,Mental health nurse,Physiotherapist,brianlawrence@example.org,Harrisonmouth,+1-352-642-1651x89428,41612,Cit4Kq8H
James,Kim,Research scientist (maths),"Teacher, special educational needs",savannah40@example.com,Hickmanhaven,001-486-270-1216x95141,42695,Rmkb6F74
Melissa,Stark,Publishing rights manager,"Copywriter, advertising",xgreene@example.com,East Lisa,+1-228-983-8068,81123,4SvQN8WD
Heather,Cooper,Operations geologist,Youth worker,ilawson@example.net,Sarahbury,(345)902-9476x3765,63258,v6PeHpCh
Wayne,Austin,Counsellor,Engineering geologist,nbarton@example.com,North Marybury,+1-941-787-9392x5825,77171,DeYinwkG
Charles,Jordan,Police officer,Sales executive,annette85@example.net,South Robertville,625-359-3753x8618,43644,ARtmZsLn
Brian,Davis,"Research officer, political party",Paediatric nurse,steven82@example.net,South Antonio,(569)622-3346x98799,17180,ENRmuviI
Aaron,Lee,Human resources officer,Higher education lecturer,npalmer@example.net,Stephaniebury,207.728.8020x3015,21584,dyRhIbgO
Tracy,Martinez,Research scientist (life sciences),Health promotion specialist,weaversarah@example.net,South Michaela,001-802-620-1741x7921,36914,5SjMVSQ6
Jennifer,Gomez,Speech and language therapist,Copy,tinaward@example.org,Blackwellside,696.575.0383x589,37220,O3YFDYWn
Timothy,Robertson,"Nurse, children's",Contractor,ryanreid@example.org,Lake Davidside,001-715-593-6018x358,31886,a9pDqGG5
Kimberly,Hart,Astronomer,"Designer, textile",dorothyjoseph@example.com,New Paulfort,+1-708-450-0479x536,56937,t1qp9QSn
David,Rojas,"Surveyor, planning and development","Producer, television/film/video",elewis@example.com,West Amberton,761.843.9935x2034,4210,7w3Vm8w9
Sarah,Lopez,"Programmer, multimedia","Scientist, marine",benjamin80@example.org,Staceyside,522-759-5916x112,38302,pb1buH6Z
Miguel,Wilson,"Psychologist, educational","Designer, fashion/clothing",alexanderjimmy@example.com,Danielton,001-561-482-6858x95644,12386,ctx7lKTn
Gail,Tyler,Agricultural engineer,Mining engineer,bkelly@example.net,Petersonland,+1-940-930-2737x51139,12741,hBqVgWUl
Katrina,Berg,Race relations officer,Ceramics designer,loribrooks@example.com,Port Alexis,885-282-8377,83488,5E1oNAML
Jeffrey,Ball,Surgeon,Adult nurse,silvaanthony@example.net,Port George,951-440-8381x310,80335,hGUSpddm
Tina,Hart,Insurance claims handler,Sports therapist,hoganrenee@example.com,Fowlerburgh,+1-349-376-7950,59122,XT2nWnYq
Gregory,Burch,IT trainer,Advertising account executive,vhartman@example.com,Maureenborough,923.469.4508,30946,7DrD5mUI
Timothy,Hernandez,Podiatrist,"Engineer, maintenance",bishopkatherine@example.com,Alejandroview,352-538-7519x6433,94841,ZWwjZlXr
David,Adams,Copy,Brewing technologist,pburgess@example.com,South Brian,001-278-759-9680x210,39802,O4FbfNnF
Nicole,Walsh,Occupational psychologist,Brewing technologist,lmorton@example.com,Hawkinsbury,(937)684-5413,47224,o7XQ0CTF
Matthew,Curtis,Metallurgist,Dispensing optician,jeanette09@example.org,Lake Michaelhaven,932.648.0351x63501,75109,bRKGmtzf
Nicholas,Cooper,Chartered management accountant,Electronics engineer,tanya00@example.com,Port Edward,+1-470-596-9835x41050,17641,cAZ1B3YH
Susan,Hatfield,Armed forces technical officer,"Librarian, academic",alynn@example.org,Nicholaston,846-705-2788x102,61147,ZdaVGOKU
Adriana,Pittman,Quality manager,Ranger/warden,uward@example.net,New Maria,(481)711-3315,5958,oAK1mmtc
Timothy,Ibarra,Telecommunications researcher,"Research officer, government",dgriffin@example.org,Jamieshire,(751)789-0956,53863,LrPTUi9d
